<?xml version="1.0" encoding="UTF-8"?>
<metadata xml:lang="en"><Esri><CreaDate>20170718</CreaDate><CreaTime>12365600</CreaTime><ArcGISFormat>1.0</ArcGISFormat><SyncOnce>TRUE</SyncOnce><DataProperties><lineage><Process ToolSource="c:\program files (x86)\arcgis\desktop10.5\ArcToolbox\Toolboxes\Data Management Tools.tbx\DefineProjection" Date="20170718" Time="123656">DefineProjection modis_sinusoidal_grid_world PROJCS['Sinusoidal',GEOGCS['GCS_Undefined',DATUM['Undefined',SPHEROID['User_Defined_Spheroid',6371007.181,0.0]],PRIMEM['Greenwich',0.0],UNIT['Degree',0.0174532925199433]],PROJECTION['Sinusoidal'],PARAMETER['False_Easting',0.0],PARAMETER['False_Northing',0.0],PARAMETER['Central_Meridian',0.0],UNIT['Meter',1.0]]</Process></lineage></DataProperties></Esri></metadata>
